{"_timestamp": 1594169645.0485985, "_runtime": 72.70516562461853, "val_loss": 10.77503068447113, "_step": 2}
