{"_timestamp": 1594170048.6438684, "val_loss": 11.038312578201294, "_step": 1, "_runtime": 42.48907160758972}
