{"val_loss": 9.396706795692443, "_step": 1, "_timestamp": 1594168993.623502, "_runtime": 50.48322319984436}
